{"weights":[{"shape":[15,10],"data":[0.006852888036519289,-0.1224730908870697,-0.27486225962638855,0.2359587848186493,0.34864211082458496,0.03680696338415146,0.24402572214603424,-0.30498918890953064,0.40349215269088745,-0.5480113625526428,-0.4492802321910858,-0.10546529293060303,0.27841445803642273,0.3371705114841461,0.039338625967502594,0.3250891864299774,0.3866545557975769,0.06399828940629959,0.26396048069000244,-0.06883887201547623,0.2980664372444153,0.09424057602882385,-0.21165020763874054,0.4901047646999359,-0.4577852785587311,-0.029254455119371414,-0.03866313770413399,0.4650404155254364,0.2467791587114334,-0.5253461003303528,-0.050815265625715256,-0.16216644644737244,-0.060244232416152954,0.061029501259326935,0.3220532536506653,-0.3425413966178894,0.025219695642590523,0.024029115214943886,0.015916813164949417,0.24333243072032928,0.17407020926475525,0.13683004677295685,-0.36579766869544983,0.19376309216022491,-0.20729079842567444,0.10555344820022583,0.10305911302566528,-0.5051978826522827,0.3363810181617737,0.1360718309879303,0.12734892964363098,0.12149372696876526,0.1947229504585266,0.14346842467784882,0.4045555591583252,-0.21195492148399353,-0.3113442063331604,-0.03379703685641289,-0.14123424887657166,-0.18797551095485687,-0.42381754517555237,-0.12976223230361938,-0.30391305685043335,-0.47343024611473083,0.060977738350629807,0.02683398313820362,0.2803940773010254,-0.011491810902953148,-0.007571926806122065,0.08417166024446487,-0.20369921624660492,-0.30923035740852356,0.14257420599460602,-0.10584577172994614,-0.03845275565981865,-0.008341403678059578,-0.2801961600780487,0.2588028609752655,-0.17612381279468536,-0.1653900146484375,-0.0463506355881691,0.01082981564104557,-0.20707407593727112,-0.10560661554336548,0.18012048304080963,-0.5466403365135193,-0.15828828513622284,0.16645929217338562,0.010640248656272888,0.16043616831302643,0.10294914245605469,0.03695967048406601,-0.01877480559051037,-0.45939522981643677,-0.4199872314929962,0.16029776632785797,-0.05984364449977875,-0.010980542749166489,-0.15413889288902283,0.438507616519928,-0.14333286881446838,0.3806854486465454,0.3382226228713989,-0.2073376625776291,0.30067646503448486,0.0860307514667511,-0.28115183115005493,-0.49501538276672363,0.41231176257133484,-0.4278194010257721,-0.09811894595623016,0.06605006009340286,0.0814310610294342,-0.12176087498664856,-0.09461864829063416,0.2483246922492981,0.11871527135372162,0.17622879147529602,-0.09078153222799301,-0.05081436410546303,-0.3678181767463684,0.07571983337402344,0.14388397336006165,0.5412343144416809,-0.4349293112754822,-0.020953793078660965,-0.28303128480911255,-0.24942952394485474,0.03055765852332115,0.0053655537776649,-0.03032795898616314,0.29336491227149963,-0.1878148764371872,0.331882506608963,0.15025675296783447,0.17558713257312775,0.15001370012760162,0.21023257076740265,-0.16714432835578918,-0.5646398663520813,0.03984183445572853,-0.14042697846889496,0.0771900936961174,-0.07912635803222656,-0.1811438351869583,0.36237600445747375,0.07398489862680435,-0.19353429973125458,0.22469103336334229,0.12157776951789856]},{"shape":[10],"data":[0,0,0,0,0,0,0,0,0,0]},{"shape":[10,6],"data":[-0.42499658465385437,-0.14008495211601257,-0.36497190594673157,0.4273556172847748,0.4615723192691803,-0.14196769893169403,0.25963959097862244,0.04853860288858414,-0.13601627945899963,0.22587138414382935,-0.432823121547699,0.11914829909801483,-0.182623028755188,0.0660606175661087,0.2218395173549652,0.11168507486581802,-0.014243709854781628,-0.6862606406211853,0.01580345258116722,0.008227454498410225,0.15089017152786255,-0.08147934079170227,-0.08069945871829987,-0.6815159320831299,-0.5969482064247131,0.1326039880514145,-0.13394539058208466,0.1758504956960678,0.19430306553840637,0.2599884867668152,-0.29218238592147827,-0.1273387372493744,-0.574116051197052,-0.0011759188491851091,-0.47248244285583496,-0.4108034074306488,0.07214435189962387,-0.22245332598686218,0.24446836113929749,0.4782065153121948,-0.08517560362815857,0.000483079842524603,-0.35453394055366516,-0.1021973192691803,0.06385855376720428,0.36386215686798096,-0.08869826793670654,0.1251845508813858,0.30511394143104553,-0.3741935193538666,0.6913342475891113,0.3933317959308624,0.38034895062446594,0.2876003384590149,-0.3530968427658081,-0.06392310559749603,0.15958023071289062,-0.11869311332702637,-0.42525941133499146,0.2676561772823334]},{"shape":[6],"data":[0,0,0,0,0,0]}]}